<?xml version="1.0" encoding="UTF-8"?>
<StyledLayerDescriptor version="1.0.0" xmlns="http://www.opengis.net/sld" xmlns:ogc="http://www.opengis.net/ogc"
                       xmlns:xlink="http://www.w3.org/1999/xlink" xmlns:xsi="http://www.w3.org/2001/XMLSchema-instance"
                       xsi:schemaLocation="http://www.opengis.net/sld http://schemas.opengis.net/sld/1.0.0/StyledLayerDescriptor.xsd">
  <NamedLayer>
    <Name>lulc</Name>
    <UserStyle>
      <Name>lulc</Name>
      <Title>Land Use/Land Cover</Title>
      <FeatureTypeStyle>
        <Rule>
          <RasterSymbolizer>
            <Opacity>1.0</Opacity>
            <ColorMap>
              <ColorMapEntry color="#0055ff" quantity="10" label="water"  />
              <ColorMapEntry color="#91522f" quantity="15" label="barren - rock outcrops"  />
              <ColorMapEntry color="#ff0000" quantity="16" label="urban"  />
              <ColorMapEntry color="#ffadad" quantity="21" label="rice - 1 crop/year"  />
              <ColorMapEntry color="#ff54f0" quantity="22" label="rice - 2 crops/year"  />
              <ColorMapEntry color="#ffe100" quantity="23" label="mixed annual crops - other than rice"  />
              <ColorMapEntry color="#ffae00" quantity="24" label="shifting cultivation - cleared before 2010-herbaceous cover"  />
              <ColorMapEntry color="#912f08" quantity="25" label="shifting cultivation - cleared in 2010"  />
              <ColorMapEntry color="#593200" quantity="26" label="shifting cultivation - partially cleared in 2010"  />
              <ColorMapEntry color="#ed6600" quantity="31" label="deciduous shrubland broadleaved"  />
              <ColorMapEntry color="#a0d89e" quantity="32" label="deciduous broadleaved"  />
              <ColorMapEntry color="#269924" quantity="33" label="deciduous/evergreen"  />
              <ColorMapEntry color="#013d00" quantity="34" label="evergreen broadleaved"  />
              <ColorMapEntry color="#026801" quantity="35" label="evergreen/deciduous broadleaved"  />
              <ColorMapEntry color="#99ff00" quantity="36" label="bamboo scrub/forest mostly evergreen"  />
              <ColorMapEntry color="#969696" quantity="41" label="grassland - sparse vegetation"  />
              <ColorMapEntry color="#8300db" quantity="42" label="industrial forest plantation"  />
              <ColorMapEntry color="#0092ed" quantity="43" label="shrubland/herbaceous riparian areas"  />
              <ColorMapEntry color="#000000" quantity="127" label="NoData"  />
            </ColorMap>
          </RasterSymbolizer>
        </Rule>
      </FeatureTypeStyle>
    </UserStyle>
  </NamedLayer>
</StyledLayerDescriptor>
