<?xml version="1.0" encoding="UTF-8"?>
<StyledLayerDescriptor version="1.0.0" xmlns="http://www.opengis.net/sld" xmlns:ogc="http://www.opengis.net/ogc"
                       xmlns:xlink="http://www.w3.org/1999/xlink" xmlns:xsi="http://www.w3.org/2001/XMLSchema-instance"
                       xsi:schemaLocation="http://www.opengis.net/sld http://schemas.opengis.net/sld/1.0.0/StyledLayerDescriptor.xsd">
  <NamedLayer>
    <Name>soil</Name>
    <UserStyle>
      <Name>soil</Name>
      <Title>Soil Type</Title>
      <FeatureTypeStyle>
        <Rule>
          <RasterSymbolizer>
            <Opacity>1.0</Opacity>
            <ColorMap>
              <ColorMapEntry color="#ffffff" quantity="0" opacity="0" />                        
              <ColorMapEntry color="#fff500" quantity="4260" label="AfAfBfAoQlA" />
              <ColorMapEntry color="#ff3d0c" quantity="4261" label="AfAfApGdAg" />
              <ColorMapEntry color="#5788f2" quantity="4264" label="AgLgAoSgGdAp" />
              <ColorMapEntry color="#ff7200" quantity="4265" label="AgAgLgBfAfWdGd" />
              <ColorMapEntry color="#671dbc" quantity="4267" label="AoNdAflBf" />
              <ColorMapEntry color="#23a274" quantity="4284" label="AoAolBdAh" />
              <ColorMapEntry color="#ff8e8e" quantity="4325" label="GeGmJeGh" />
              <ColorMapEntry color="#c5ff7a" quantity="4383" label="ILcBk" />
              <ColorMapEntry color="#f4d03f" quantity="4393" label="JeGeGm" />
              <ColorMapEntry color="#79dbff" quantity="4408" label="LgLoGeJeAg" />
              <ColorMapEntry color="#eb984e" quantity="4414" label="NhNhAoGAp" />
              <ColorMapEntry color="#0c65ff" quantity="4452" label="AfAfAoAg" />
              <ColorMapEntry color="#b23399" quantity="4464" label="AoNdAfVcAg" />
              <ColorMapEntry color="#af9a2f" quantity="4486" label="FalFAf" />
              <ColorMapEntry color="#aa2e4b" quantity="4491" label="FoFhGAf" />
              <ColorMapEntry color="#6f48a5" quantity="4494" label="FrFoVNdl" />
              <ColorMapEntry color="#4fb7cc" quantity="4499" label="GdJeGmGh" />
              <ColorMapEntry color="#cc894b" quantity="4502" label="GeJeGm" />
              <ColorMapEntry color="#772d3b" quantity="4544" label="NdBdVclE" />
              <ColorMapEntry color="#e2b7bf" quantity="4587" label="VpVclGF87" />
              <ColorMapEntry color="#d5d800" quantity="4588" label="VpVclGF88" />
              <ColorMapEntry color="#424c68" quantity="11375" label="CMd" />
              <ColorMapEntry color="#5c7ddb" quantity="11604" label="ATc04" />
              <ColorMapEntry color="#69872f" quantity="11605" label="ATc05" />
              <ColorMapEntry color="#875c25" quantity="11766" label="FRh66" />
              <ColorMapEntry color="#874025" quantity="11770" label="FRh70" />
              <ColorMapEntry color="#cc3c06" quantity="11772" label="FRh72" />
              <ColorMapEntry color="#cc0676" quantity="11782" label="ACf82" />
              <ColorMapEntry color="#a0738d" quantity="11783" label="ACf83" />
              <ColorMapEntry color="#9aa073" quantity="11786" label="ACf86" />
              <ColorMapEntry color="#ffe100" quantity="11787" label="ACf87" />
              <ColorMapEntry color="#aa9a1e" quantity="11788" label="ACf88" />
              <ColorMapEntry color="#1ea5a9" quantity="11790" label="Acu90" />
              <ColorMapEntry color="#19dcff" quantity="11794" label="ACu94" />
              <ColorMapEntry color="#f74020" quantity="11796" label="ACu96" />
              <ColorMapEntry color="#ffcd6b" quantity="11797" label="ACu97" />
              <ColorMapEntry color="#2c6b5a" quantity="11798" label="CMo798" />
              <ColorMapEntry color="#00996f" quantity="11800" label="CMo800" />
              <ColorMapEntry color="#826500" quantity="11804" label="ACh804" />
              <ColorMapEntry color="#8c846a" quantity="11805" label="ACh805" />
              <ColorMapEntry color="#5f776e" quantity="11808" label="ACh808" />
              <ColorMapEntry color="#00962d" quantity="11811" label="ACh811" />
              <ColorMapEntry color="#076623" quantity="11814" label="ACu814" />
              <ColorMapEntry color="#e5dbb0" quantity="11818" label="ACu818" />
              <ColorMapEntry color="#7768ff" quantity="11821" label="ACu821" />
              <ColorMapEntry color="#7d70ff" quantity="11839" label="ALh839" />
              <ColorMapEntry color="#93135e" quantity="11840" label="ALh840" />
              <ColorMapEntry color="#ba8ba6" quantity="11843" label="ALh843" />
              <ColorMapEntry color="#84b2ab" quantity="11844" label="ALh844" />
              <ColorMapEntry color="#4a5b59" quantity="11847" label="ALh847" />
              <ColorMapEntry color="#00d8ff" quantity="11857" label="LVh857" />
              <ColorMapEntry color="#592933" quantity="11864" label="LVh864" />
              <ColorMapEntry color="#cc536c" quantity="11865" label="LVh865" />
              <ColorMapEntry color="#966a73" quantity="11868" label="LVh868" />
              <ColorMapEntry color="#c1c157" quantity="11869" label="LVh869" />
              <ColorMapEntry color="#ffffff" quantity="65535" opacity="0" />            
            </ColorMap>
          </RasterSymbolizer>
        </Rule>
      </FeatureTypeStyle>
    </UserStyle>
  </NamedLayer>
</StyledLayerDescriptor>
